<?xml version="1.0" encoding="utf-8" ?>
<dwsync>
<file name="ajax_agregar.php" server="proyecto.ingecall.com//www/proyecto/" local="130293736200000000" remote="130293736200000000" />
<file name="ajax_eliminar.php" server="proyecto.ingecall.com//www/proyecto/" local="130293524400000000" remote="130293524400000000" />
<file name="ajax_form_agregar.php" server="proyecto.ingecall.com//www/proyecto/" local="130293739800000000" remote="130293739800000000" />
<file name="ajax_form_modificar.php" server="proyecto.ingecall.com//www/proyecto/" local="130298871600000000" remote="130298871600000000" />
<file name="ajax_listar.php" server="proyecto.ingecall.com//www/proyecto/" local="130298905800000000" remote="130298905800000000" />
<file name="ajax_modificar.php" server="proyecto.ingecall.com//www/proyecto/" local="130298904600000000" remote="130298904600000000" />
<file name="ajax_verificar_usu_per.php" server="proyecto.ingecall.com//www/proyecto/" local="130293524400000000" remote="130293524400000000" />
<file name="error_log" server="proyecto.ingecall.com//www/proyecto/" local="130293771000000000" remote="130293771000000000" />
<file name="index.js" server="proyecto.ingecall.com//www/proyecto/" local="130300565030254209" remote="130300564800000000" />
<file name="index.php" server="proyecto.ingecall.com//www/proyecto/" local="130300564679519318" remote="130300564200000000" />
<file name="ajax_form_add_items.php" server="proyecto.ingecall.com//www/proyecto/" local="130294421400000000" remote="130294421400000000" />
<file name="ajax_agregar_item.php" server="proyecto.ingecall.com//www/proyecto/" local="130293800400000000" remote="130293800400000000" />
<file name="ajax_list_items.php" server="proyecto.ingecall.com//www/proyecto/" local="130293809400000000" remote="130293809400000000" />
<file name="ajax_aprobar_legalizado.php" server="proyecto.ingecall.com//www/proyecto/" local="130294327800000000" remote="130294327800000000" />
</dwsync>